guest_id,guest_fname,guest_lname,guest_phone,guest_email,guest_dob,guest_sex,guest_start,guest_end,gym_branch
G1,Agnar,Sadbh,7184963362,Asad@gmail.com,1991-03-02,Male,2015-01-01,2015-01-08,Dyker Heights
G2,Winfield,Leiv,3478596353,Winleiv12@yahoo.com,1989-02-05,Male,2015-01-02,2015-01-09,Flushing
G3,Yuusuf,Halina,7184956366,Yuuhalina@yahoo.com,1990-04-25,Male,2015-01-29,2015-02-05,Bensonhurst
G4,Nahal,Epaphroditos,7184859866,nahalepapa@aol.com,1991-12-22,Male,2015-02-22,2015-03-01,Lower East Side
G5,Rosita,Amrita,9174520363,rositaamrita@gmail.com,1988-01-04,Female,2016-02-23,2016-03-01,Parkchester
G6,Nikolas,Hardan,9174856996,nikolashardan@aol.com,1990-11-30,Male,2016-02-24,2016-03-02,Flatbush
G7,Capricia,Jasmine,7184852969,capriciajas@gmail.com,1993-05-03,Female,2016-02-26,2016-03-04,Parkchester
G8,Alex,Kaylani,3478549563,alexkaylani@gmail.com,1978-02-21,Male,2016-03-13,2016-03-20,Astoria
G9,Olivia,Dalon,9174856296,olidalon@aol.com,1979-06-22,Female,2016-04-12,2016-04-19,SoHo
G10,Milton,Fletcher,3474598963,miltonfletcher@yahoo.com,1994-03-22,Male,2016-04-16,2016-04-23,Lower East Side
G11,Freda,Dania,3478548522,daniafreda1@yahoo.com,1992-06-23,Female,2016-06-06,2016-06-13,Flushing
G12,Hiroto,Kimayashi,7184356263,hirotoshima@yahoo.com,1989-07-12,Male,2016-07-22,2016-07-29,Arden Heights
G13,Hyun-Seung,Lee,7182389589,leeleelee@gmail.com,1998-04-30,Male,2016-08-17,2016-08-24,Flushing
G14,Kimberlee,Trina,9178596969,tinatina@gmail.com,1999-03-22,Female,2016-09-13,2016-09-20,Dyker Heights
G15,Lewin,Paulina,7185858585,paulinexd@gmail.com,1989-09-03,Male,2017-06-24,2017-07-01,Dyker Heights
